{"version":1,"seq":1,"cli_version":"0.278.0","timestamp":"2025-12-01T03:54:38.082613928Z","files":[{"local_path":"src/gold/dlt/transformations/DimTrack.py","is_notebook":false},{"local_path":"src/gold/dlt/utilities/utils.py","is_notebook":false},{"local_path":".vscode/__builtins__.pyi","is_notebook":false},{"local_path":"requirements.txt","is_notebook":false},{"local_path":"src/gold/dlt/transformations/DimUser.py","is_notebook":false},{"local_path":"src/silver/silver_dimensions.ipynb","is_notebook":true},{"local_path":"utils/transformations.py","is_notebook":false},{"local_path":".vscode/extensions.json","is_notebook":false},{"local_path":"README.md","is_notebook":false},{"local_path":"pyproject.toml","is_notebook":false},{"local_path":"src/gold/dlt/README.md","is_notebook":false},{"local_path":"src/gold/dlt/transformations/DimDate.py","is_notebook":false},{"local_path":"src/gold/dlt/transformations/FactStream.py","is_notebook":false},{"local_path":".gitignore","is_notebook":false},{"local_path":".vscode/settings.json","is_notebook":false},{"local_path":"databricks.yml","is_notebook":false},{"local_path":"jinja/jinja_notebook.ipynb","is_notebook":true},{"local_path":"resources/sample_job.job.yml","is_notebook":false},{"local_path":"resources/spotify_dab_etl.pipeline.yml","is_notebook":false}],"id":"07585f54-3b9a-49d5-a698-941b1584aa9b"}